{
  "female": {
    "precision": 0.6545454545454545,
    "recall": 0.4,
    "f1-score": 0.496551724137931,
    "support": 90.0
  },
  "male": {
    "precision": 0.568,
    "recall": 0.7888888888888889,
    "f1-score": 0.6604651162790698,
    "support": 90.0
  },
  "accuracy": 0.5944444444444444,
  "macro avg": {
    "precision": 0.6112727272727272,
    "recall": 0.5944444444444444,
    "f1-score": 0.5785084202085005,
    "support": 180.0
  },
  "weighted avg": {
    "precision": 0.6112727272727273,
    "recall": 0.5944444444444444,
    "f1-score": 0.5785084202085004,
    "support": 180.0
  }
}