epoch,accuracy,auc,loss,val_accuracy,val_auc,val_loss,learning_rate
1,0.494047611951828,0.4662103056907654,0.693587064743042,0.5222222208976746,0.5055555701255798,0.6929887533187866,0.0005000000237487257
2,0.5166666507720947,0.5033418536186218,0.6931096315383911,0.6222222447395325,0.5,0.6927944421768188,0.0005000000237487257
3,0.5404762029647827,0.5321371555328369,0.6926600933074951,0.6666666865348816,0.5166666507720947,0.6925056576728821,0.0005000000237487257
4,0.5345237851142883,0.5431264042854309,0.6924736499786377,0.5111111402511597,0.6373456716537476,0.6920077204704285,0.0005000000237487257
5,0.5166666507720947,0.5433758497238159,0.6926292777061462,0.5666666626930237,0.6501851677894592,0.6914175748825073,0.0005000000237487257
6,0.550000011920929,0.6163434982299805,0.6910118460655212,0.5333333611488342,0.688024640083313,0.6902821063995361,0.0005000000237487257
7,0.5607143044471741,0.5978231430053711,0.6902347207069397,0.6333333253860474,0.6973456740379333,0.6882237195968628,0.0005000000237487257
8,0.5607143044471741,0.5814852714538574,0.6897287964820862,0.6333333253860474,0.6936420202255249,0.6847358345985413,0.0005000000237487257
