epoch,accuracy,auc,loss,val_accuracy,val_auc,val_loss,learning_rate
1,0.4761904776096344,0.49323129653930664,0.6934899687767029,0.5722222328186035,0.5111111402511597,0.6927731037139893,0.0010000000474974513
2,0.538095235824585,0.5396371483802795,0.6928271055221558,0.5,0.555555522441864,0.6926873326301575,0.0010000000474974513
3,0.5047619342803955,0.504943311214447,0.6932289600372314,0.5,0.5440123677253723,0.6929633021354675,0.0010000000474974513
4,0.49761903285980225,0.502630352973938,0.6938549876213074,0.5,0.5382099151611328,0.6929085850715637,0.0005000000237487257
5,0.5,0.510136067867279,0.6933991312980652,0.5,0.5593209862709045,0.6925601363182068,0.0005000000237487257
6,0.5023809671401978,0.5488208532333374,0.6924973726272583,0.5,0.5706173181533813,0.6922099590301514,0.0005000000237487257
